WBC,Lymphocytes,Neutrophils,Monocytes,Platelets,Blast Cells,Bone Marrow Blast Percentage,LDH,Genetic Markers
10.813414677942745,37.708631014640396,62.39029725700608,6.177746012263487,177.71950137639587,,,199.35178518893562,Negative
