WBC,Lymphocytes,Neutrophils,Monocytes,Platelets,Blast Cells,Bone Marrow Blast Percentage,LDH,Genetic Markers
,8.603793439237606,45.557875586136234,7.195440933825217,377.9744015518896,1.858016508799909,48.603588152115066,273.65398131277607,Positive
