WBC,Lymphocytes,Neutrophils,Monocytes,Platelets,Blast Cells,Bone Marrow Blast Percentage,LDH,Genetic Markers
,20.708153330694408,56.19747718323557,,251.11109133059915,15.994438868610219,3.733253057089234,224.33242518379927,
