WBC,Lymphocytes,Neutrophils,Monocytes,Platelets,Blast Cells,Bone Marrow Blast Percentage,LDH,Genetic Markers
1.3097583394512329,35.99093325829141,,6.570350649299307,226.40401293549294,6.648617276370117,17.344728526919297,263.03238867358385,Positive
