WBC,Lymphocytes,Neutrophils,Monocytes,Platelets,Blast Cells,Bone Marrow Blast Percentage,LDH,Genetic Markers
8.490142459033699,28.617356988288154,,9.046059712816051,238.2923312638332,,69.29409166199481,235.95178258304918,Negative
