WBC,Lymphocytes,Neutrophils,Monocytes,Platelets,Blast Cells,Bone Marrow Blast Percentage,LDH,Genetic Markers
2.9426483352700092,24.415796305672394,43.026471729527,,233.83136004983993,1.2926380443860186,22.381080573515657,150.39295476662,Positive
